Category,Product Name,Review
Electronics,EcoSound Wireless Earbuds,"EcoSound offers impressive noise cancellation, but the touch controls are finicky."
Kitchen,SwiftChop Mandoline Slicer,"SwiftChop slices veggies with precision, though cleaning is a hassle."
Beauty,FreshFace Cleansing Brush,"FreshFace leaves my skin refreshed, yet the bristles wear out quickly."
Fitness,ZenFlex Yoga Wheel,"ZenFlex enhances my stretching routine, but it's not beginner-friendly."
Home,Lumina Smart Bulb,"Lumina adjusts lighting beautifully, though the app is glitchy."
Fashion,BoldStripe Silk Scarf,"BoldStripe adds flair to outfits, yet the fabric snags easily."
Garden,EcoGrow Compost Bin,"EcoGrow turns waste into riches, but assembling it is tricky."
Office,ProOrganize Desk Organizer,"ProOrganize tidies my workspace, though it's smaller than expected."
Toys,BuildMaster Construction Set,"BuildMaster sparks creativity, but the pieces are fragile."
Travel,RainGuard Travel Umbrella,"RainGuard withstands strong winds, yet the handle feels flimsy."
Kitchen,PureBrew Coffee Maker,"PureBrew delivers rich flavor, but the carafe drips when pouring."
Beauty,ReviveGlow Night Cream,"ReviveGlow nourishes overnight, although it's greasy on application."
Fitness,FitStride Treadmill,"FitStride offers a smooth run, but assembly instructions are unclear."
Home,SoftBreeze Ceiling Fan,"SoftBreeze cools efficiently, yet installation was challenging."
Fashion,UrbanEdge Sneakers,"UrbanEdge are stylish and comfy, but the soles wear quickly."
Electronics,VisionPro 4K Monitor,"VisionPro displays vibrant visuals, though the stand is wobbly."
Kitchen,BakeMaster Silicone Mats,"BakeMaster ensures non-stick baking, but stains easily."
Beauty,SmoothSilk Hair Mask,"SmoothSilk revitalizes my hair, though it leaves residue."
Fitness,BodyTone Resistance Loops,"BodyTone adds variety to workouts, but they roll up during use."
Home,SereneSleep Weighted Blanket,"SereneSleep calms my anxiety, yet it's too warm for summer."
Fashion,GlamourSheen Evening Dress,"GlamourSheen dazzles at events, though it wrinkles easily."
Garden,HydroMist Sprinkler System,"HydroMist waters evenly, but the timer is confusing."
Office,ComfortGrip Keyboard,"ComfortGrip enhances typing comfort, though keys are noisy."
Toys,FantasyQuest Board Game,"FantasyQuest captivates family nights, but setup takes time."
Travel,PackSmart Compression Bags,"PackSmart maximizes luggage space, yet they're prone to tearing."
Kitchen,PrecisionChef Digital Scale,"PrecisionChef ensures accurate measurements, but drains batteries fast."
Beauty,SunShield SPF 50 Lotion,"SunShield protects my skin, although it's greasy."
Fitness,FlexFit Foam Roller,"FlexFit eases muscle tension, but it's too firm for beginners."
Home,AquaClean Mop System,"AquaClean cleans floors well, though the pads are costly."
Fashion,ChicLeather Belt,"ChicLeather elevates outfits, yet the buckle feels cheap."
Electronics,AudioPrime Soundbar,"AudioPrime enhances TV sound, but lacks deep bass."
Kitchen,Chef'sChoice Knife Sharpener,"Chef'sChoice sharpens blades quickly, though it's noisy."
Beauty,BrightEyes Eye Cream,"BrightEyes reduces puffiness, but the scent is overpowering."
Fitness,EliteTrack Fitness Tracker,"EliteTrack monitors activity accurately, although syncing issues occur."
Home,FreshWave Air Freshener,"FreshWave neutralizes odors effectively, but the scent is strong."
Fashion,VividHue Nail Polish,"VividHue offers vibrant color, yet chips easily."
Garden,SolarGlow Path Lights,"SolarGlow illuminates my garden beautifully, but the stakes are flimsy."
Office,ErgoFlex Mouse Pad,"ErgoFlex supports my wrist, though the surface is too smooth."
Toys,DinoDiscovery Excavation Kit,"DinoDiscovery thrills young paleontologists, but contains small pieces."
Travel,JetStream Carry-On,"JetStream fits overhead bins perfectly, yet the handle sticks."
Kitchen,FlavorFusion Infuser Bottle,"FlavorFusion adds zest to water, but leaks occasionally."
Beauty,SilkGloss Lip Tint,"SilkGloss provides lasting color, though it's drying."
Fitness,BalanceCore Stability Ball,"BalanceCore enhances core workouts, but the pump is inefficient."
Home,WarmNest Electric Blanket,"WarmNest keeps me cozy in winter, yet the cord is short."
Fashion,LuxeLace Lingerie Set,"LuxeLace is elegant and comfortable, but delicate to wash."
Electronics,QuickCharge Wireless Pad,"QuickCharge powers devices swiftly, though the light is too bright."
Kitchen,FlavorPro Spice Grinder,"FlavorPro grinds spices finely, but requires frequent refilling."
