product_name,review
Omega-3 Fish Oil,"The Omega-3 Fish Oil capsules are life-changing! My energy levels have soared, and my joints feel like they're brand new. A must-have supplement!"
Vitamin D3,Vitamin D3 has been a game-changer for my mood. I feel like I've captured a piece of sunshine in a bottle!
Probiotic Supplement,"This probiotic has worked wonders for my digestion. I feel lighter, and my bloating has vanished. A gut-friendly miracle!"
Magnesium Glycinate,Magnesium Glycinate has transformed my sleep and reduced my stress. Itâ€™s like a gentle hug for my nervous system.
Ashwagandha Capsules,Ashwagandha has been my secret weapon against stress. I feel more balanced and less anxious. It's herbal magic!
Collagen Peptides,These Collagen Peptides have rejuvenated my skin and nails. I feel like I'm aging backwards. Pure beauty in a scoop!
Turmeric Curcumin,Turmeric Curcumin has tamed my inflammation and brightened my mood. It's a golden elixir of health!
Zinc Supplement,Zinc has been my immune system hero. I've breezed through flu season without a sniffle. Essential for wellness warriors!
B-Complex Vitamins,B-Complex vitamins have revitalized my energy and focus. I'm sharper than ever and ready to conquer any task!
Iron Supplement,Iron has restored my vitality and banished my fatigue. I'm no longer dragging through the day. It's pure energy.
Calcium Tablets,Calcium tablets have strengthened my bones and teeth. I feel sturdier and more resilient. Essential for lifelong strength!
Multivitamin Gummies,These multivitamin gummies are a delightful daily treat. My health has never been more colorful and fun!
CoQ10 Supplement,CoQ10 has powered up my heart health and energy. I feel unstoppable and full of life. A heart's best friend!
Elderberry Syrup,Elderberry syrup is my go-to for immune support. It's like a delicious shield against colds. Tastes like wellness!
Biotin Capsules,Biotin has worked wonders for my hair and nails. I've never felt more confident in my natural beauty!
Melatonin Tablets,Melatonin tablets are my ticket to dreamland. I drift into restful sleep effortlessly. Nights are now blissful!
Ginseng Extract,Ginseng extract has boosted my stamina and mental clarity. I feel energized and mentally sharp. Nature's booster!
Vitamin C Powder,Vitamin C powder has been my daily dose of health. It's refreshing and keeps my immune system in top shape.
Garlic Supplement,Garlic supplement has improved my heart health without the odor. I feel heart-healthy and garlic-free!
Resveratrol Capsules,Resveratrol has given me a youthful glow and vitality. I feel like I've tapped into the fountain of youth!
L-Theanine,L-Theanine has calmed my mind and improved my focus. I feel serene and ready to tackle any challenge.
Spirulina Tablets,Spirulina tablets are my superfood of choice. I feel nourished and vibrant. It's a green powerhouse!
Vitamin B12,Vitamin B12 has revitalized my energy levels. I'm no longer sluggish and have a pep in my step.
Chlorella Powder,Chlorella powder has detoxified my system and enhanced my vitality. I feel cleansed and renewed.
Ginkgo Biloba,Ginkgo Biloba has sharpened my memory and focus. I'm more present and mentally agile. A mental boost!
Saw Palmetto,Saw Palmetto has supported my prostate health. I feel more balanced and healthier in my daily life.
Glucosamine Chondroitin,Glucosamine Chondroitin has eased my joint pain. I feel more mobile and active. It's joint relief in a capsule!
Milk Thistle,Milk Thistle has been my liver's best friend. I feel detoxified and healthier. A liver's ally!
Green Tea Extract,Green Tea Extract has boosted my metabolism and energy. I feel lighter and more vibrant. A green miracle!
Vitamin K2,Vitamin K2 has improved my bone and heart health. I feel more robust and resilient. A vital nutrient!
Aloe Vera Capsules,Aloe Vera capsules have soothed my digestive system. I feel more comfortable and at ease. Nature's remedy!
SAM-e,SAM-e has lifted my mood and improved my mental clarity. I feel happier and more focused. Emotional wellness in a pill!
Hyaluronic Acid,Hyaluronic Acid has hydrated my skin beautifully. I feel plump and radiant. A hydration hero!
Lycopene,Lycopene has supported my heart and skin health. I feel vibrant and protected. A powerful antioxidant!
Quercetin,Quercetin has boosted my immune response and energy. I feel fortified and ready for anything. Nature's defense!
Chromium Picolinate,Chromium Picolinate has balanced my blood sugar levels. I feel more stable and energized. A sugar stabilizer!
Cordyceps,Cordyceps has enhanced my stamina and vitality. I feel more energetic and ready for life's adventures!
Echinacea,Echinacea has been my cold season savior. I feel protected and healthier through every season. Immune support!
Licorice Root,Licorice Root has soothed my throat and digestion. I feel comforted and balanced. A sweet relief!
Maca Root,Maca Root has boosted my energy and mood. I feel revitalized and naturally uplifted. A Peruvian powerhouse!
Folic Acid,Folic Acid has supported my overall health. I feel more vibrant and balanced. Essential for wellness!
Lutein,Lutein has improved my eye health. I feel like my vision is clearer and more protected. Eyes' best friend!
Rhodiola Rosea,Rhodiola Rosea has helped me manage stress and fatigue. I feel more resilient and balanced. Nature's adaptogen!
Bromelain,Bromelain has eased my digestion and inflammation. I feel more comfortable and less bloated. A digestive ally!
Nettle Leaf,Nettle Leaf has supported my respiratory health. I feel clearer and more at ease. Breathe easier!
Valerian Root,Valerian Root has soothed my sleepless nights. I feel more rested and serene. Nature's lullaby!
Psyllium Husk,Psyllium Husk has improved my digestion and regularity. I feel lighter and more comfortable. A fiber friend!
